{"0": {"precision": 0.8288506705053413, "recall": 0.4862222222222222, "f1-score": 0.612902322193899, "support": 22500.0}, "1": {"precision": 0.636489418571743, "recall": 0.8996, "f1-score": 0.7455111323916687, "support": 22500.0}, "accuracy": 0.6929111111111111, "macro avg": {"precision": 0.7326700445385421, "recall": 0.692911111111111, "f1-score": 0.6792067272927838, "support": 45000.0}, "weighted avg": {"precision": 0.7326700445385422, "recall": 0.6929111111111111, "f1-score": 0.6792067272927839, "support": 45000.0}}