{
    "0": {
        "precision": 0.5200433369447454,
        "recall": 0.84,
        "f1-score": 0.6423860051620304,
        "support": 4000.0
    },
    "1": {
        "precision": 0.5841455490578298,
        "recall": 0.22475,
        "f1-score": 0.32460732984293195,
        "support": 4000.0
    },
    "accuracy": 0.532375,
    "macro avg": {
        "precision": 0.5520944430012875,
        "recall": 0.532375,
        "f1-score": 0.48349666750248116,
        "support": 8000.0
    },
    "weighted avg": {
        "precision": 0.5520944430012876,
        "recall": 0.532375,
        "f1-score": 0.48349666750248116,
        "support": 8000.0
    }
}