{
    "0": {
        "precision": 0.5020720020720021,
        "recall": 0.96925,
        "f1-score": 0.661491213103566,
        "support": 4000.0
    },
    "1": {
        "precision": 0.5575539568345323,
        "recall": 0.03875,
        "f1-score": 0.07246376811594203,
        "support": 4000.0
    },
    "accuracy": 0.504,
    "macro avg": {
        "precision": 0.5298129794532672,
        "recall": 0.504,
        "f1-score": 0.366977490609754,
        "support": 8000.0
    },
    "weighted avg": {
        "precision": 0.5298129794532672,
        "recall": 0.504,
        "f1-score": 0.366977490609754,
        "support": 8000.0
    }
}