{
    "0": {
        "precision": 0.8986486486486487,
        "recall": 0.23275,
        "f1-score": 0.36973788721207307,
        "support": 4000.0
    },
    "1": {
        "precision": 0.5593049971280873,
        "recall": 0.97375,
        "f1-score": 0.7105071141919007,
        "support": 4000.0
    },
    "accuracy": 0.60325,
    "macro avg": {
        "precision": 0.728976822888368,
        "recall": 0.6032500000000001,
        "f1-score": 0.5401225007019869,
        "support": 8000.0
    },
    "weighted avg": {
        "precision": 0.7289768228883681,
        "recall": 0.60325,
        "f1-score": 0.540122500701987,
        "support": 8000.0
    }
}