{
    "0": {
        "precision": 0.5101987103566259,
        "recall": 0.96925,
        "f1-score": 0.6685059056815242,
        "support": 4000.0
    },
    "1": {
        "precision": 0.6932668329177057,
        "recall": 0.0695,
        "f1-score": 0.12633492388093615,
        "support": 4000.0
    },
    "accuracy": 0.519375,
    "macro avg": {
        "precision": 0.6017327716371659,
        "recall": 0.5193749999999999,
        "f1-score": 0.3974204147812302,
        "support": 8000.0
    },
    "weighted avg": {
        "precision": 0.6017327716371658,
        "recall": 0.519375,
        "f1-score": 0.3974204147812302,
        "support": 8000.0
    }
}