{
    "0": {
        "precision": 0.9381316243529702,
        "recall": 0.9515,
        "f1-score": 0.9447685242646147,
        "support": 4000.0
    },
    "1": {
        "precision": 0.9507988840984022,
        "recall": 0.93725,
        "f1-score": 0.9439758277728818,
        "support": 4000.0
    },
    "accuracy": 0.944375,
    "macro avg": {
        "precision": 0.9444652542256862,
        "recall": 0.944375,
        "f1-score": 0.9443721760187482,
        "support": 8000.0
    },
    "weighted avg": {
        "precision": 0.9444652542256861,
        "recall": 0.944375,
        "f1-score": 0.9443721760187482,
        "support": 8000.0
    }
}