{
    "0": {
        "precision": 0.51460047783382,
        "recall": 0.96925,
        "f1-score": 0.6722732790012138,
        "support": 4000.0
    },
    "1": {
        "precision": 0.7360515021459227,
        "recall": 0.08575,
        "f1-score": 0.1536050156739812,
        "support": 4000.0
    },
    "accuracy": 0.5275,
    "macro avg": {
        "precision": 0.6253259899898713,
        "recall": 0.5275,
        "f1-score": 0.4129391473375975,
        "support": 8000.0
    },
    "weighted avg": {
        "precision": 0.6253259899898714,
        "recall": 0.5275,
        "f1-score": 0.41293914733759757,
        "support": 8000.0
    }
}