{"0": {"precision": 0.5489212242849975, "recall": 0.4862222222222222, "f1-score": 0.5156728729672402, "support": 22500.0}, "1": {"precision": 0.5388911049062625, "recall": 0.6004444444444444, "f1-score": 0.5680050451965525, "support": 22500.0}, "accuracy": 0.5433333333333333, "macro avg": {"precision": 0.54390616459563, "recall": 0.5433333333333333, "f1-score": 0.5418389590818964, "support": 45000.0}, "weighted avg": {"precision": 0.5439061645956299, "recall": 0.5433333333333333, "f1-score": 0.5418389590818964, "support": 45000.0}}