{
    "0": {
        "precision": 0.934433962264151,
        "recall": 0.9905,
        "f1-score": 0.9616504854368932,
        "support": 4000.0
    },
    "1": {
        "precision": 0.9898936170212767,
        "recall": 0.9305,
        "f1-score": 0.959278350515464,
        "support": 4000.0
    },
    "accuracy": 0.9605,
    "macro avg": {
        "precision": 0.9621637896427138,
        "recall": 0.9605,
        "f1-score": 0.9604644179761785,
        "support": 8000.0
    },
    "weighted avg": {
        "precision": 0.9621637896427139,
        "recall": 0.9605,
        "f1-score": 0.9604644179761785,
        "support": 8000.0
    }
}