{
    "0": {
        "precision": 0.5445705024311183,
        "recall": 0.84,
        "f1-score": 0.6607669616519174,
        "support": 4000.0
    },
    "1": {
        "precision": 0.6502732240437158,
        "recall": 0.2975,
        "f1-score": 0.40823327615780447,
        "support": 4000.0
    },
    "accuracy": 0.56875,
    "macro avg": {
        "precision": 0.5974218632374171,
        "recall": 0.56875,
        "f1-score": 0.5345001189048609,
        "support": 8000.0
    },
    "weighted avg": {
        "precision": 0.5974218632374171,
        "recall": 0.56875,
        "f1-score": 0.5345001189048609,
        "support": 8000.0
    }
}