{"0": {"precision": 0.9551354021646382, "recall": 0.9452444444444444, "f1-score": 0.9501641834386937, "support": 22500.0}, "1": {"precision": 0.9458056569744424, "recall": 0.9556, "f1-score": 0.9506776026352441, "support": 22500.0}, "accuracy": 0.9504222222222222, "macro avg": {"precision": 0.9504705295695404, "recall": 0.9504222222222223, "f1-score": 0.9504208930369689, "support": 45000.0}, "weighted avg": {"precision": 0.9504705295695403, "recall": 0.9504222222222222, "f1-score": 0.950420893036969, "support": 45000.0}}