{"0": {"precision": 0.9913865826044488, "recall": 0.9924, "f1-score": 0.9918930324500811, "support": 22500.0}, "1": {"precision": 0.9923922231614539, "recall": 0.9913777777777778, "f1-score": 0.9918847410898904, "support": 22500.0}, "accuracy": 0.9918888888888889, "macro avg": {"precision": 0.9918894028829514, "recall": 0.9918888888888888, "f1-score": 0.9918888867699858, "support": 45000.0}, "weighted avg": {"precision": 0.9918894028829515, "recall": 0.9918888888888889, "f1-score": 0.9918888867699858, "support": 45000.0}}