{
    "0": {
        "precision": 0.6931568572233173,
        "recall": 0.5469777777777778,
        "f1-score": 0.611451993541175,
        "support": 22500.0
    },
    "1": {
        "precision": 0.6258763075793724,
        "recall": 0.7578666666666667,
        "f1-score": 0.6855764398432003,
        "support": 22500.0
    },
    "accuracy": 0.6524222222222222,
    "macro avg": {
        "precision": 0.6595165824013449,
        "recall": 0.6524222222222222,
        "f1-score": 0.6485142166921876,
        "support": 45000.0
    },
    "weighted avg": {
        "precision": 0.6595165824013448,
        "recall": 0.6524222222222222,
        "f1-score": 0.6485142166921877,
        "support": 45000.0
    }
}