{
    "0": {
        "precision": 0.43525011687704535,
        "recall": 0.23275,
        "f1-score": 0.3033067274800456,
        "support": 4000.0
    },
    "1": {
        "precision": 0.47636922026957856,
        "recall": 0.698,
        "f1-score": 0.5662711692526113,
        "support": 4000.0
    },
    "accuracy": 0.465375,
    "macro avg": {
        "precision": 0.45580966857331195,
        "recall": 0.465375,
        "f1-score": 0.4347889483663285,
        "support": 8000.0
    },
    "weighted avg": {
        "precision": 0.45580966857331195,
        "recall": 0.465375,
        "f1-score": 0.4347889483663284,
        "support": 8000.0
    }
}