{
    "0": {
        "precision": 0.5798338956657151,
        "recall": 0.9929333333333333,
        "f1-score": 0.7321317384892676,
        "support": 22500.0
    },
    "1": {
        "precision": 0.9754250386398764,
        "recall": 0.2804888888888889,
        "f1-score": 0.43569209527096997,
        "support": 22500.0
    },
    "accuracy": 0.6367111111111111,
    "macro avg": {
        "precision": 0.7776294671527957,
        "recall": 0.6367111111111111,
        "f1-score": 0.5839119168801188,
        "support": 45000.0
    },
    "weighted avg": {
        "precision": 0.7776294671527957,
        "recall": 0.6367111111111111,
        "f1-score": 0.5839119168801188,
        "support": 45000.0
    }
}