{"0": {"precision": 0.9579662723382835, "recall": 0.9515, "f1-score": 0.9547221873824157, "support": 4000.0}, "1": {"precision": 0.9518251800347654, "recall": 0.95825, "f1-score": 0.9550267846019683, "support": 4000.0}, "accuracy": 0.954875, "macro avg": {"precision": 0.9548957261865244, "recall": 0.954875, "f1-score": 0.954874485992192, "support": 8000.0}, "weighted avg": {"precision": 0.9548957261865244, "recall": 0.954875, "f1-score": 0.9548744859921919, "support": 8000.0}}