{
    "0": {
        "precision": 0.5169546576588281,
        "recall": 0.99475,
        "f1-score": 0.6803453877062494,
        "support": 4000.0
    },
    "1": {
        "precision": 0.9306930693069307,
        "recall": 0.0705,
        "f1-score": 0.13107134557285616,
        "support": 4000.0
    },
    "accuracy": 0.532625,
    "macro avg": {
        "precision": 0.7238238634828794,
        "recall": 0.532625,
        "f1-score": 0.4057083666395528,
        "support": 8000.0
    },
    "weighted avg": {
        "precision": 0.7238238634828794,
        "recall": 0.532625,
        "f1-score": 0.4057083666395528,
        "support": 8000.0
    }
}