{
    "0": {
        "precision": 0.5696909424724602,
        "recall": 0.9929333333333333,
        "f1-score": 0.7239937779506125,
        "support": 22500.0
    },
    "1": {
        "precision": 0.9725103734439834,
        "recall": 0.25,
        "f1-score": 0.39775137887144674,
        "support": 22500.0
    },
    "accuracy": 0.6214666666666666,
    "macro avg": {
        "precision": 0.7711006579582218,
        "recall": 0.6214666666666666,
        "f1-score": 0.5608725784110296,
        "support": 45000.0
    },
    "weighted avg": {
        "precision": 0.7711006579582217,
        "recall": 0.6214666666666666,
        "f1-score": 0.5608725784110297,
        "support": 45000.0
    }
}