{
    "0": {
        "precision": 0.7402511566424322,
        "recall": 0.84,
        "f1-score": 0.786977397821759,
        "support": 4000.0
    },
    "1": {
        "precision": 0.8150823461427333,
        "recall": 0.70525,
        "f1-score": 0.756198900951615,
        "support": 4000.0
    },
    "accuracy": 0.772625,
    "macro avg": {
        "precision": 0.7776667513925828,
        "recall": 0.772625,
        "f1-score": 0.771588149386687,
        "support": 8000.0
    },
    "weighted avg": {
        "precision": 0.7776667513925827,
        "recall": 0.772625,
        "f1-score": 0.7715881493866871,
        "support": 8000.0
    }
}