{"0": {"precision": 0.6437215467066213, "recall": 0.9929333333333333, "f1-score": 0.7810719155333357, "support": 22500.0}, "1": {"precision": 0.9845541091898193, "recall": 0.4504444444444444, "f1-score": 0.6181008721107519, "support": 22500.0}, "accuracy": 0.7216888888888889, "macro avg": {"precision": 0.8141378279482203, "recall": 0.7216888888888888, "f1-score": 0.6995863938220438, "support": 45000.0}, "weighted avg": {"precision": 0.8141378279482202, "recall": 0.7216888888888889, "f1-score": 0.6995863938220439, "support": 45000.0}}