{
    "0": {
        "precision": 0.7051509769094139,
        "recall": 0.5469777777777778,
        "f1-score": 0.61607388681701,
        "support": 22500.0
    },
    "1": {
        "precision": 0.6299778560278796,
        "recall": 0.7712888888888889,
        "f1-score": 0.6935081023837593,
        "support": 22500.0
    },
    "accuracy": 0.6591333333333333,
    "macro avg": {
        "precision": 0.6675644164686467,
        "recall": 0.6591333333333333,
        "f1-score": 0.6547909946003847,
        "support": 45000.0
    },
    "weighted avg": {
        "precision": 0.6675644164686467,
        "recall": 0.6591333333333333,
        "f1-score": 0.6547909946003846,
        "support": 45000.0
    }
}