{
    "0": {
        "precision": 0.6090099467962063,
        "recall": 0.9360888888888889,
        "f1-score": 0.7379300679700092,
        "support": 22500.0
    },
    "1": {
        "precision": 0.8619431643625192,
        "recall": 0.3990222222222222,
        "f1-score": 0.5455097824766071,
        "support": 22500.0
    },
    "accuracy": 0.6675555555555556,
    "macro avg": {
        "precision": 0.7354765555793628,
        "recall": 0.6675555555555556,
        "f1-score": 0.6417199252233081,
        "support": 45000.0
    },
    "weighted avg": {
        "precision": 0.7354765555793626,
        "recall": 0.6675555555555556,
        "f1-score": 0.6417199252233081,
        "support": 45000.0
    }
}