{
    "0": {
        "precision": 0.7406523468575974,
        "recall": 0.23275,
        "f1-score": 0.35419440745672437,
        "support": 4000.0
    },
    "1": {
        "precision": 0.5448613376835236,
        "recall": 0.9185,
        "f1-score": 0.6839802662198641,
        "support": 4000.0
    },
    "accuracy": 0.575625,
    "macro avg": {
        "precision": 0.6427568422705605,
        "recall": 0.575625,
        "f1-score": 0.5190873368382942,
        "support": 8000.0
    },
    "weighted avg": {
        "precision": 0.6427568422705606,
        "recall": 0.575625,
        "f1-score": 0.5190873368382942,
        "support": 8000.0
    }
}