{"train": {"0": {"precision": 0.963529394964943, "recall": 0.9639285714285715, "f1-score": 0.9637289418620428, "support": 70000.0}, "1": {"precision": 0.9639136213574195, "recall": 0.9635142857142858, "f1-score": 0.9637139121675204, "support": 70000.0}, "accuracy": 0.9637214285714286, "macro avg": {"precision": 0.9637215081611813, "recall": 0.9637214285714286, "f1-score": 0.9637214270147816, "support": 140000.0}, "weighted avg": {"precision": 0.9637215081611813, "recall": 0.9637214285714286, "f1-score": 0.9637214270147815, "support": 140000.0}}, "val": {"0": {"precision": 0.9632057800374632, "recall": 0.9598666666666666, "f1-score": 0.9615333244290103, "support": 7500.0}, "1": {"precision": 0.9600053149083179, "recall": 0.9633333333333334, "f1-score": 0.9616664448289631, "support": 7500.0}, "accuracy": 0.9616, "macro avg": {"precision": 0.9616055474728905, "recall": 0.9616, "f1-score": 0.9615998846289867, "support": 15000.0}, "weighted avg": {"precision": 0.9616055474728905, "recall": 0.9616, "f1-score": 0.9615998846289867, "support": 15000.0}}, "te": {"0": {"precision": 0.9640108545753815, "recall": 0.9631111111111111, "f1-score": 0.9635607728050868, "support": 22500.0}, "1": {"precision": 0.9631455086363838, "recall": 0.9640444444444445, "f1-score": 0.9635947668865641, "support": 22500.0}, "accuracy": 0.9635777777777778, "macro avg": {"precision": 0.9635781816058826, "recall": 0.9635777777777779, "f1-score": 0.9635777698458254, "support": 45000.0}, "weighted avg": {"precision": 0.9635781816058828, "recall": 0.9635777777777778, "f1-score": 0.9635777698458254, "support": 45000.0}}}