{
    "0": {
        "precision": 0.7106598984771574,
        "recall": 0.84,
        "f1-score": 0.76993583868011,
        "support": 4000.0
    },
    "1": {
        "precision": 0.80440097799511,
        "recall": 0.658,
        "f1-score": 0.7238723872387238,
        "support": 4000.0
    },
    "accuracy": 0.749,
    "macro avg": {
        "precision": 0.7575304382361336,
        "recall": 0.749,
        "f1-score": 0.7469041129594169,
        "support": 8000.0
    },
    "weighted avg": {
        "precision": 0.7575304382361338,
        "recall": 0.749,
        "f1-score": 0.7469041129594168,
        "support": 8000.0
    }
}