{"train": {"0": {"precision": 0.9351517830407939, "recall": 0.9369285714285714, "f1-score": 0.9360393340612133, "support": 70000.0}, "1": {"precision": 0.9368085075929982, "recall": 0.9350285714285714, "f1-score": 0.9359176932371467, "support": 70000.0}, "accuracy": 0.9359785714285714, "macro avg": {"precision": 0.9359801453168961, "recall": 0.9359785714285714, "f1-score": 0.93597851364918, "support": 140000.0}, "weighted avg": {"precision": 0.935980145316896, "recall": 0.9359785714285714, "f1-score": 0.93597851364918, "support": 140000.0}}, "val": {"0": {"precision": 0.9368, "recall": 0.9368, "f1-score": 0.9368, "support": 7500.0}, "1": {"precision": 0.9368, "recall": 0.9368, "f1-score": 0.9368, "support": 7500.0}, "accuracy": 0.9368, "macro avg": {"precision": 0.9368, "recall": 0.9368, "f1-score": 0.9368, "support": 15000.0}, "weighted avg": {"precision": 0.9368, "recall": 0.9368, "f1-score": 0.9368, "support": 15000.0}}, "te": {"0": {"precision": 0.9376725135784881, "recall": 0.9360888888888889, "f1-score": 0.9368800320270451, "support": 22500.0}, "1": {"precision": 0.936196645665099, "recall": 0.9377777777777778, "f1-score": 0.9369865446955904, "support": 22500.0}, "accuracy": 0.9369333333333333, "macro avg": {"precision": 0.9369345796217936, "recall": 0.9369333333333334, "f1-score": 0.9369332883613177, "support": 45000.0}, "weighted avg": {"precision": 0.9369345796217935, "recall": 0.9369333333333333, "f1-score": 0.9369332883613177, "support": 45000.0}}}