{
    "0": {
        "precision": 0.7112978190918842,
        "recall": 0.99475,
        "f1-score": 0.8294767563060246,
        "support": 4000.0
    },
    "1": {
        "precision": 0.9912718204488778,
        "recall": 0.59625,
        "f1-score": 0.7446144239775211,
        "support": 4000.0
    },
    "accuracy": 0.7955,
    "macro avg": {
        "precision": 0.8512848197703811,
        "recall": 0.7955,
        "f1-score": 0.7870455901417728,
        "support": 8000.0
    },
    "weighted avg": {
        "precision": 0.8512848197703811,
        "recall": 0.7955,
        "f1-score": 0.7870455901417729,
        "support": 8000.0
    }
}