{"0": {"precision": 0.9693281188205827, "recall": 0.9804, "f1-score": 0.9748326225777227, "support": 22500.0}, "1": {"precision": 0.980173537742211, "recall": 0.9689777777777778, "f1-score": 0.9745435040118007, "support": 22500.0}, "accuracy": 0.9746888888888889, "macro avg": {"precision": 0.9747508282813968, "recall": 0.9746888888888889, "f1-score": 0.9746880632947617, "support": 45000.0}, "weighted avg": {"precision": 0.9747508282813968, "recall": 0.9746888888888889, "f1-score": 0.9746880632947617, "support": 45000.0}}