{"0": {"precision": 0.9943151536685024, "recall": 0.9950222222222223, "f1-score": 0.9946685622889639, "support": 22500.0}, "1": {"precision": 0.9950186799501868, "recall": 0.9943111111111111, "f1-score": 0.9946647696958919, "support": 22500.0}, "accuracy": 0.9946666666666667, "macro avg": {"precision": 0.9946669168093446, "recall": 0.9946666666666667, "f1-score": 0.9946666659924279, "support": 45000.0}, "weighted avg": {"precision": 0.9946669168093445, "recall": 0.9946666666666667, "f1-score": 0.9946666659924279, "support": 45000.0}}