{
    "0": {
        "precision": 0.899976353747931,
        "recall": 0.9515,
        "f1-score": 0.9250212662534938,
        "support": 4000.0
    },
    "1": {
        "precision": 0.9485547600106072,
        "recall": 0.89425,
        "f1-score": 0.9206022390940677,
        "support": 4000.0
    },
    "accuracy": 0.922875,
    "macro avg": {
        "precision": 0.924265556879269,
        "recall": 0.922875,
        "f1-score": 0.9228117526737807,
        "support": 8000.0
    },
    "weighted avg": {
        "precision": 0.924265556879269,
        "recall": 0.922875,
        "f1-score": 0.9228117526737808,
        "support": 8000.0
    }
}