{
    "0": {
        "precision": 0.5309580998131839,
        "recall": 0.99475,
        "f1-score": 0.6923612319471029,
        "support": 4000.0
    },
    "1": {
        "precision": 0.958498023715415,
        "recall": 0.12125,
        "f1-score": 0.21526853084775854,
        "support": 4000.0
    },
    "accuracy": 0.558,
    "macro avg": {
        "precision": 0.7447280617642995,
        "recall": 0.558,
        "f1-score": 0.4538148813974307,
        "support": 8000.0
    },
    "weighted avg": {
        "precision": 0.7447280617642994,
        "recall": 0.558,
        "f1-score": 0.45381488139743065,
        "support": 8000.0
    }
}