{
    "0": {
        "precision": 0.5615503080082136,
        "recall": 0.48617777777777776,
        "f1-score": 0.5211529299666507,
        "support": 22500.0
    },
    "1": {
        "precision": 0.5469827586206897,
        "recall": 0.6204,
        "f1-score": 0.5813827571845065,
        "support": 22500.0
    },
    "accuracy": 0.5532888888888889,
    "macro avg": {
        "precision": 0.5542665333144516,
        "recall": 0.5532888888888888,
        "f1-score": 0.5512678435755787,
        "support": 45000.0
    },
    "weighted avg": {
        "precision": 0.5542665333144516,
        "recall": 0.5532888888888889,
        "f1-score": 0.5512678435755787,
        "support": 45000.0
    }
}