{"0": {"precision": 0.8690670328727148, "recall": 0.9000444444444444, "f1-score": 0.8842845290598664, "support": 22500.0}, "1": {"precision": 0.896349893999447, "recall": 0.8644, "f1-score": 0.8800850717227023, "support": 22500.0}, "accuracy": 0.8822222222222222, "macro avg": {"precision": 0.8827084634360809, "recall": 0.8822222222222222, "f1-score": 0.8821848003912844, "support": 45000.0}, "weighted avg": {"precision": 0.8827084634360809, "recall": 0.8822222222222222, "f1-score": 0.8821848003912843, "support": 45000.0}}