{"0": {"precision": 0.9454965768649417, "recall": 0.9452444444444444, "f1-score": 0.9453704938436236, "support": 22500.0}, "1": {"precision": 0.9452590420332356, "recall": 0.9455111111111111, "f1-score": 0.9453850597698085, "support": 22500.0}, "accuracy": 0.9453777777777778, "macro avg": {"precision": 0.9453778094490887, "recall": 0.9453777777777778, "f1-score": 0.945377776806716, "support": 45000.0}, "weighted avg": {"precision": 0.9453778094490887, "recall": 0.9453777777777778, "f1-score": 0.945377776806716, "support": 45000.0}}