{"0": {"precision": 0.9154187343551008, "recall": 0.9264444444444444, "f1-score": 0.9208985885003644, "support": 22500.0}, "1": {"precision": 0.9255477079490755, "recall": 0.9144, "f1-score": 0.9199400836146572, "support": 22500.0}, "accuracy": 0.9204222222222223, "macro avg": {"precision": 0.9204832211520881, "recall": 0.9204222222222223, "f1-score": 0.9204193360575108, "support": 45000.0}, "weighted avg": {"precision": 0.9204832211520881, "recall": 0.9204222222222223, "f1-score": 0.9204193360575109, "support": 45000.0}}