{"0": {"precision": 0.9862032133161245, "recall": 0.9848444444444444, "f1-score": 0.985523360537259, "support": 22500.0}, "1": {"precision": 0.9848652967023213, "recall": 0.9862222222222222, "f1-score": 0.9855432923985699, "support": 22500.0}, "accuracy": 0.9855333333333334, "macro avg": {"precision": 0.9855342550092229, "recall": 0.9855333333333334, "f1-score": 0.9855333264679145, "support": 45000.0}, "weighted avg": {"precision": 0.9855342550092228, "recall": 0.9855333333333334, "f1-score": 0.9855333264679144, "support": 45000.0}}