{"0": {"precision": 0.7445251058681186, "recall": 0.5469777777777778, "f1-score": 0.6306430950550859, "support": 22500.0}, "1": {"precision": 0.6419740077274324, "recall": 0.8123111111111111, "f1-score": 0.7171669609574259, "support": 22500.0}, "accuracy": 0.6796444444444445, "macro avg": {"precision": 0.6932495567977754, "recall": 0.6796444444444445, "f1-score": 0.673905028006256, "support": 45000.0}, "weighted avg": {"precision": 0.6932495567977756, "recall": 0.6796444444444445, "f1-score": 0.673905028006256, "support": 45000.0}}