{"0": {"precision": 0.891739815440018, "recall": 0.9905, "f1-score": 0.9385289589008646, "support": 4000.0}, "1": {"precision": 0.9893168400337363, "recall": 0.87975, "f1-score": 0.9313219531560143, "support": 4000.0}, "accuracy": 0.935125, "macro avg": {"precision": 0.9405283277368772, "recall": 0.935125, "f1-score": 0.9349254560284395, "support": 8000.0}, "weighted avg": {"precision": 0.9405283277368771, "recall": 0.935125, "f1-score": 0.9349254560284394, "support": 8000.0}}