{
    "0": {
        "precision": 0.44373535244276185,
        "recall": 0.5469777777777778,
        "f1-score": 0.48997710759430674,
        "support": 22500.0
    },
    "1": {
        "precision": 0.4096148276860701,
        "recall": 0.3143111111111111,
        "f1-score": 0.3556896768515026,
        "support": 22500.0
    },
    "accuracy": 0.43064444444444444,
    "macro avg": {
        "precision": 0.42667509006441595,
        "recall": 0.43064444444444444,
        "f1-score": 0.42283339222290467,
        "support": 45000.0
    },
    "weighted avg": {
        "precision": 0.426675090064416,
        "recall": 0.43064444444444444,
        "f1-score": 0.42283339222290467,
        "support": 45000.0
    }
}