{"train": {"0": {"precision": 0.9924856343008693, "recall": 0.9905882352941177, "f1-score": 0.9915360270847133, "support": 13600.0}, "1": {"precision": 0.9906061940408043, "recall": 0.9925, "f1-score": 0.9915521927569235, "support": 13600.0}, "accuracy": 0.9915441176470589, "macro avg": {"precision": 0.9915459141708368, "recall": 0.9915441176470589, "f1-score": 0.9915441099208184, "support": 27200.0}, "weighted avg": {"precision": 0.9915459141708368, "recall": 0.9915441176470589, "f1-score": 0.9915441099208184, "support": 27200.0}}, "val": {"0": {"precision": 0.9895920066611157, "recall": 0.9904166666666666, "f1-score": 0.9900041649312786, "support": 2400.0}, "1": {"precision": 0.9904086738949124, "recall": 0.9895833333333334, "f1-score": 0.9899958315964985, "support": 2400.0}, "accuracy": 0.99, "macro avg": {"precision": 0.990000340278014, "recall": 0.99, "f1-score": 0.9899999982638885, "support": 4800.0}, "weighted avg": {"precision": 0.9900003402780139, "recall": 0.99, "f1-score": 0.9899999982638886, "support": 4800.0}}, "te": {"0": {"precision": 0.9914914914914915, "recall": 0.9905, "f1-score": 0.9909954977488744, "support": 4000.0}, "1": {"precision": 0.9905094905094906, "recall": 0.9915, "f1-score": 0.9910044977511244, "support": 4000.0}, "accuracy": 0.991, "macro avg": {"precision": 0.991000491000491, "recall": 0.9910000000000001, "f1-score": 0.9909999977499995, "support": 8000.0}, "weighted avg": {"precision": 0.991000491000491, "recall": 0.991, "f1-score": 0.9909999977499995, "support": 8000.0}}}