{
    "0": {
        "precision": 0.7310704960835509,
        "recall": 0.84,
        "f1-score": 0.7817589576547231,
        "support": 4000.0
    },
    "1": {
        "precision": 0.8119858989424207,
        "recall": 0.691,
        "f1-score": 0.7466234467855214,
        "support": 4000.0
    },
    "accuracy": 0.7655,
    "macro avg": {
        "precision": 0.7715281975129857,
        "recall": 0.7655,
        "f1-score": 0.7641912022201223,
        "support": 8000.0
    },
    "weighted avg": {
        "precision": 0.7715281975129858,
        "recall": 0.7655,
        "f1-score": 0.7641912022201223,
        "support": 8000.0
    }
}