{
    "0": {
        "precision": 0.5052124055251499,
        "recall": 0.96925,
        "f1-score": 0.6642110673291074,
        "support": 4000.0
    },
    "1": {
        "precision": 0.6226993865030674,
        "recall": 0.05075,
        "f1-score": 0.09385113268608414,
        "support": 4000.0
    },
    "accuracy": 0.51,
    "macro avg": {
        "precision": 0.5639558960141087,
        "recall": 0.51,
        "f1-score": 0.37903110000759577,
        "support": 8000.0
    },
    "weighted avg": {
        "precision": 0.5639558960141087,
        "recall": 0.51,
        "f1-score": 0.3790311000075958,
        "support": 8000.0
    }
}