{
    "0": {
        "precision": 0.5060697036940347,
        "recall": 0.96925,
        "f1-score": 0.6649515478946917,
        "support": 4000.0
    },
    "1": {
        "precision": 0.6371681415929203,
        "recall": 0.054,
        "f1-score": 0.09956211108550357,
        "support": 4000.0
    },
    "accuracy": 0.511625,
    "macro avg": {
        "precision": 0.5716189226434776,
        "recall": 0.511625,
        "f1-score": 0.38225682949009765,
        "support": 8000.0
    },
    "weighted avg": {
        "precision": 0.5716189226434776,
        "recall": 0.511625,
        "f1-score": 0.38225682949009765,
        "support": 8000.0
    }
}