{
    "0": {
        "precision": 0.5348837209302325,
        "recall": 0.99475,
        "f1-score": 0.6956901827082786,
        "support": 4000.0
    },
    "1": {
        "precision": 0.9625668449197861,
        "recall": 0.135,
        "f1-score": 0.23679017759263318,
        "support": 4000.0
    },
    "accuracy": 0.564875,
    "macro avg": {
        "precision": 0.7487252829250093,
        "recall": 0.564875,
        "f1-score": 0.46624018015045593,
        "support": 8000.0
    },
    "weighted avg": {
        "precision": 0.7487252829250092,
        "recall": 0.564875,
        "f1-score": 0.4662401801504559,
        "support": 8000.0
    }
}