{
    "0": {
        "precision": 0.5896589949324325,
        "recall": 0.9929333333333333,
        "f1-score": 0.7399152149433662,
        "support": 22500.0
    },
    "1": {
        "precision": 0.9776434195725534,
        "recall": 0.3090222222222222,
        "f1-score": 0.4696069161150885,
        "support": 22500.0
    },
    "accuracy": 0.6509777777777778,
    "macro avg": {
        "precision": 0.7836512072524929,
        "recall": 0.6509777777777778,
        "f1-score": 0.6047610655292274,
        "support": 45000.0
    },
    "weighted avg": {
        "precision": 0.7836512072524929,
        "recall": 0.6509777777777778,
        "f1-score": 0.6047610655292274,
        "support": 45000.0
    }
}