{
    "0": {
        "precision": 0.8758231420507996,
        "recall": 0.23275,
        "f1-score": 0.3677661465534268,
        "support": 4000.0
    },
    "1": {
        "precision": 0.5575897361972034,
        "recall": 0.967,
        "f1-score": 0.7073237633720398,
        "support": 4000.0
    },
    "accuracy": 0.599875,
    "macro avg": {
        "precision": 0.7167064391240014,
        "recall": 0.5998749999999999,
        "f1-score": 0.5375449549627334,
        "support": 8000.0
    },
    "weighted avg": {
        "precision": 0.7167064391240014,
        "recall": 0.599875,
        "f1-score": 0.5375449549627332,
        "support": 8000.0
    }
}