{
    "0": {
        "precision": 0.4995996619367466,
        "recall": 0.9983555555555556,
        "f1-score": 0.6659452728943701,
        "support": 22500.0
    },
    "1": {
        "precision": 0.02631578947368421,
        "recall": 4.4444444444444447e-05,
        "f1-score": 8.873901854645488e-05,
        "support": 22500.0
    },
    "accuracy": 0.4992,
    "macro avg": {
        "precision": 0.2629577257052154,
        "recall": 0.4992,
        "f1-score": 0.3330170059564583,
        "support": 45000.0
    },
    "weighted avg": {
        "precision": 0.2629577257052154,
        "recall": 0.4992,
        "f1-score": 0.3330170059564583,
        "support": 45000.0
    }
}