{"train": {"0": {"precision": 0.9624088134583891, "recall": 0.9506617647058824, "f1-score": 0.9564992232004143, "support": 13600.0}, "1": {"precision": 0.9512567194537266, "recall": 0.9628676470588236, "f1-score": 0.9570269677702258, "support": 13600.0}, "accuracy": 0.956764705882353, "macro avg": {"precision": 0.9568327664560579, "recall": 0.956764705882353, "f1-score": 0.95676309548532, "support": 27200.0}, "weighted avg": {"precision": 0.956832766456058, "recall": 0.956764705882353, "f1-score": 0.9567630954853201, "support": 27200.0}}, "val": {"0": {"precision": 0.9655606887862243, "recall": 0.9579166666666666, "f1-score": 0.9617234888098725, "support": 2400.0}, "1": {"precision": 0.95824720959074, "recall": 0.9658333333333333, "f1-score": 0.9620253164556962, "support": 2400.0}, "accuracy": 0.961875, "macro avg": {"precision": 0.9619039491884821, "recall": 0.961875, "f1-score": 0.9618744026327843, "support": 4800.0}, "weighted avg": {"precision": 0.9619039491884822, "recall": 0.961875, "f1-score": 0.9618744026327845, "support": 4800.0}}, "te": {"0": {"precision": 0.9637883008356546, "recall": 0.9515, "f1-score": 0.9576047301547365, "support": 4000.0}, "1": {"precision": 0.9521105899777833, "recall": 0.96425, "f1-score": 0.9581418457334493, "support": 4000.0}, "accuracy": 0.957875, "macro avg": {"precision": 0.957949445406719, "recall": 0.957875, "f1-score": 0.9578732879440929, "support": 8000.0}, "weighted avg": {"precision": 0.957949445406719, "recall": 0.957875, "f1-score": 0.9578732879440929, "support": 8000.0}}}