{
    "0": {
        "precision": 0.5988259890640077,
        "recall": 0.9929333333333333,
        "f1-score": 0.7470906902086677,
        "support": 22500.0
    },
    "1": {
        "precision": 0.9793291731669267,
        "recall": 0.3348,
        "f1-score": 0.49900635930047693,
        "support": 22500.0
    },
    "accuracy": 0.6638666666666667,
    "macro avg": {
        "precision": 0.7890775811154672,
        "recall": 0.6638666666666666,
        "f1-score": 0.6230485247545723,
        "support": 45000.0
    },
    "weighted avg": {
        "precision": 0.7890775811154672,
        "recall": 0.6638666666666667,
        "f1-score": 0.6230485247545724,
        "support": 45000.0
    }
}