{"0": {"precision": 0.9276125899115774, "recall": 0.8998666666666667, "f1-score": 0.9135290003835135, "support": 22500.0}, "1": {"precision": 0.9027747809951236, "recall": 0.9297777777777778, "f1-score": 0.9160773323407703, "support": 22500.0}, "accuracy": 0.9148222222222222, "macro avg": {"precision": 0.9151936854533504, "recall": 0.9148222222222222, "f1-score": 0.9148031663621419, "support": 45000.0}, "weighted avg": {"precision": 0.9151936854533506, "recall": 0.9148222222222222, "f1-score": 0.9148031663621419, "support": 45000.0}}