{"0": {"precision": 0.9570650006646285, "recall": 0.96, "f1-score": 0.9585302536111296, "support": 22500.0}, "1": {"precision": 0.9598769559983951, "recall": 0.9569333333333333, "f1-score": 0.9584028844227817, "support": 22500.0}, "accuracy": 0.9584666666666667, "macro avg": {"precision": 0.9584709783315117, "recall": 0.9584666666666666, "f1-score": 0.9584665690169556, "support": 45000.0}, "weighted avg": {"precision": 0.9584709783315118, "recall": 0.9584666666666667, "f1-score": 0.9584665690169557, "support": 45000.0}}