{"0": {"precision": 0.9694119715214907, "recall": 0.9803555555555555, "f1-score": 0.9748530516639413, "support": 22500.0}, "1": {"precision": 0.9801312595522791, "recall": 0.9690666666666666, "f1-score": 0.974567559111429, "support": 22500.0}, "accuracy": 0.9747111111111111, "macro avg": {"precision": 0.9747716155368849, "recall": 0.9747111111111111, "f1-score": 0.9747103053876851, "support": 45000.0}, "weighted avg": {"precision": 0.974771615536885, "recall": 0.9747111111111111, "f1-score": 0.9747103053876852, "support": 45000.0}}