{"0": {"precision": 0.994359065470374, "recall": 0.9949777777777777, "f1-score": 0.9946683254098725, "support": 22500.0}, "1": {"precision": 0.9949746508938895, "recall": 0.9943555555555555, "f1-score": 0.9946650068910328, "support": 22500.0}, "accuracy": 0.9946666666666667, "macro avg": {"precision": 0.9946668581821317, "recall": 0.9946666666666666, "f1-score": 0.9946666661504526, "support": 45000.0}, "weighted avg": {"precision": 0.9946668581821317, "recall": 0.9946666666666667, "f1-score": 0.9946666661504526, "support": 45000.0}}