{"0": {"precision": 0.5044690980955803, "recall": 0.9983555555555556, "f1-score": 0.6702572059437847, "support": 22500.0}, "1": {"precision": 0.9216101694915254, "recall": 0.019333333333333334, "f1-score": 0.03787219223402403, "support": 22500.0}, "accuracy": 0.5088444444444444, "macro avg": {"precision": 0.7130396337935528, "recall": 0.5088444444444444, "f1-score": 0.35406469908890437, "support": 45000.0}, "weighted avg": {"precision": 0.7130396337935528, "recall": 0.5088444444444444, "f1-score": 0.35406469908890437, "support": 45000.0}}