{
    "0": {
        "precision": 0.6055145071183997,
        "recall": 0.84,
        "f1-score": 0.7037386113729186,
        "support": 4000.0
    },
    "1": {
        "precision": 0.7388820889432884,
        "recall": 0.45275,
        "f1-score": 0.5614633390172067,
        "support": 4000.0
    },
    "accuracy": 0.646375,
    "macro avg": {
        "precision": 0.6721982980308441,
        "recall": 0.6463749999999999,
        "f1-score": 0.6326009751950626,
        "support": 8000.0
    },
    "weighted avg": {
        "precision": 0.6721982980308441,
        "recall": 0.646375,
        "f1-score": 0.6326009751950625,
        "support": 8000.0
    }
}