{
    "0": {
        "precision": 0.7186309289186703,
        "recall": 0.48617777777777776,
        "f1-score": 0.5799798526059063,
        "support": 22500.0
    },
    "1": {
        "precision": 0.6117603599973135,
        "recall": 0.8096444444444445,
        "f1-score": 0.6969279620490455,
        "support": 22500.0
    },
    "accuracy": 0.6479111111111111,
    "macro avg": {
        "precision": 0.6651956444579918,
        "recall": 0.6479111111111111,
        "f1-score": 0.638453907327476,
        "support": 45000.0
    },
    "weighted avg": {
        "precision": 0.6651956444579918,
        "recall": 0.6479111111111111,
        "f1-score": 0.6384539073274759,
        "support": 45000.0
    }
}