{
    "0": {
        "precision": 0.5050149798098216,
        "recall": 0.96925,
        "f1-score": 0.6640404213410979,
        "support": 4000.0
    },
    "1": {
        "precision": 0.6191950464396285,
        "recall": 0.05,
        "f1-score": 0.09252833680314597,
        "support": 4000.0
    },
    "accuracy": 0.509625,
    "macro avg": {
        "precision": 0.562105013124725,
        "recall": 0.509625,
        "f1-score": 0.3782843790721219,
        "support": 8000.0
    },
    "weighted avg": {
        "precision": 0.562105013124725,
        "recall": 0.509625,
        "f1-score": 0.3782843790721219,
        "support": 8000.0
    }
}