{"0": {"precision": 0.7349944165270799, "recall": 0.9360888888888889, "f1-score": 0.8234420204863555, "support": 22500.0}, "1": {"precision": 0.9120166421928536, "recall": 0.6624888888888889, "f1-score": 0.7674801771187313, "support": 22500.0}, "accuracy": 0.7992888888888889, "macro avg": {"precision": 0.8235055293599667, "recall": 0.7992888888888889, "f1-score": 0.7954610988025435, "support": 45000.0}, "weighted avg": {"precision": 0.8235055293599668, "recall": 0.7992888888888889, "f1-score": 0.7954610988025433, "support": 45000.0}}