{"0": {"precision": 0.5430916552667578, "recall": 0.5469777777777778, "f1-score": 0.5450277894643608, "support": 22500.0}, "1": {"precision": 0.5437127892922691, "recall": 0.5398222222222222, "f1-score": 0.541760520975044, "support": 22500.0}, "accuracy": 0.5434, "macro avg": {"precision": 0.5434022222795134, "recall": 0.5434, "f1-score": 0.5433941552197024, "support": 45000.0}, "weighted avg": {"precision": 0.5434022222795135, "recall": 0.5434, "f1-score": 0.5433941552197024, "support": 45000.0}}