{"0": {"precision": 0.5838952485494747, "recall": 0.9929333333333333, "f1-score": 0.7353609163622, "support": 22500.0}, "1": {"precision": 0.9764024933214603, "recall": 0.2924, "f1-score": 0.4500307818592243, "support": 22500.0}, "accuracy": 0.6426666666666667, "macro avg": {"precision": 0.7801488709354676, "recall": 0.6426666666666667, "f1-score": 0.5926958491107122, "support": 45000.0}, "weighted avg": {"precision": 0.7801488709354676, "recall": 0.6426666666666667, "f1-score": 0.5926958491107122, "support": 45000.0}}