{
    "0": {
        "precision": 0.5232084155161079,
        "recall": 0.99475,
        "f1-score": 0.6857389056441189,
        "support": 4000.0
    },
    "1": {
        "precision": 0.9468354430379747,
        "recall": 0.0935,
        "f1-score": 0.170193401592719,
        "support": 4000.0
    },
    "accuracy": 0.544125,
    "macro avg": {
        "precision": 0.7350219292770412,
        "recall": 0.544125,
        "f1-score": 0.42796615361841894,
        "support": 8000.0
    },
    "weighted avg": {
        "precision": 0.7350219292770412,
        "recall": 0.544125,
        "f1-score": 0.42796615361841894,
        "support": 8000.0
    }
}