{
    "0": {
        "precision": 0.7928244437346961,
        "recall": 0.9929333333333333,
        "f1-score": 0.8816669626472503,
        "support": 22500.0
    },
    "1": {
        "precision": 0.9905475298733726,
        "recall": 0.7405333333333334,
        "f1-score": 0.8474860761425193,
        "support": 22500.0
    },
    "accuracy": 0.8667333333333334,
    "macro avg": {
        "precision": 0.8916859868040343,
        "recall": 0.8667333333333334,
        "f1-score": 0.8645765193948848,
        "support": 45000.0
    },
    "weighted avg": {
        "precision": 0.8916859868040344,
        "recall": 0.8667333333333334,
        "f1-score": 0.8645765193948849,
        "support": 45000.0
    }
}