{
    "0": {
        "precision": 0.9965396388802626,
        "recall": 0.9983555555555556,
        "f1-score": 0.9974467707200106,
        "support": 22500.0
    },
    "1": {
        "precision": 0.9983525535420099,
        "recall": 0.9965333333333334,
        "f1-score": 0.9974421139260214,
        "support": 22500.0
    },
    "accuracy": 0.9974444444444445,
    "macro avg": {
        "precision": 0.9974460962111362,
        "recall": 0.9974444444444445,
        "f1-score": 0.997444442323016,
        "support": 45000.0
    },
    "weighted avg": {
        "precision": 0.9974460962111363,
        "recall": 0.9974444444444445,
        "f1-score": 0.9974444423230161,
        "support": 45000.0
    }
}