{
    "0": {
        "precision": 0.5831867370328909,
        "recall": 0.4862222222222222,
        "f1-score": 0.5303085387430622,
        "support": 22500.0
    },
    "1": {
        "precision": 0.5594680080789604,
        "recall": 0.6524888888888889,
        "f1-score": 0.6024086498020147,
        "support": 22500.0
    },
    "accuracy": 0.5693555555555555,
    "macro avg": {
        "precision": 0.5713273725559256,
        "recall": 0.5693555555555556,
        "f1-score": 0.5663585942725384,
        "support": 45000.0
    },
    "weighted avg": {
        "precision": 0.5713273725559257,
        "recall": 0.5693555555555555,
        "f1-score": 0.5663585942725384,
        "support": 45000.0
    }
}