{"0": {"precision": 0.8808423439134985, "recall": 0.8979111111111111, "f1-score": 0.8892948322915749, "support": 22500.0}, "1": {"precision": 0.8958937635968093, "recall": 0.8785333333333334, "f1-score": 0.8871286240014361, "support": 22500.0}, "accuracy": 0.8882222222222222, "macro avg": {"precision": 0.8883680537551539, "recall": 0.8882222222222222, "f1-score": 0.8882117281465055, "support": 45000.0}, "weighted avg": {"precision": 0.8883680537551538, "recall": 0.8882222222222222, "f1-score": 0.8882117281465054, "support": 45000.0}}