{"0": {"precision": 0.9701512455516014, "recall": 0.9692888888888889, "f1-score": 0.9697198755002223, "support": 22500.0}, "1": {"precision": 0.9693161634103019, "recall": 0.9701777777777778, "f1-score": 0.9697467792092404, "support": 22500.0}, "accuracy": 0.9697333333333333, "macro avg": {"precision": 0.9697337044809516, "recall": 0.9697333333333333, "f1-score": 0.9697333273547313, "support": 45000.0}, "weighted avg": {"precision": 0.9697337044809515, "recall": 0.9697333333333333, "f1-score": 0.9697333273547314, "support": 45000.0}}