{"0": {"precision": 0.9702388896303217, "recall": 0.9693333333333334, "f1-score": 0.9697859000867072, "support": 22500.0}, "1": {"precision": 0.9693619288663914, "recall": 0.9702666666666667, "f1-score": 0.9698140867595122, "support": 22500.0}, "accuracy": 0.9698, "macro avg": {"precision": 0.9698004092483565, "recall": 0.9698, "f1-score": 0.9697999934231096, "support": 45000.0}, "weighted avg": {"precision": 0.9698004092483564, "recall": 0.9698, "f1-score": 0.9697999934231096, "support": 45000.0}}