{
    "0": {
        "precision": 0.5009477933141545,
        "recall": 0.9983555555555556,
        "f1-score": 0.6671418600852378,
        "support": 22500.0
    },
    "1": {
        "precision": 0.7672955974842768,
        "recall": 0.005422222222222222,
        "f1-score": 0.010768348117745708,
        "support": 22500.0
    },
    "accuracy": 0.5018888888888889,
    "macro avg": {
        "precision": 0.6341216953992157,
        "recall": 0.5018888888888889,
        "f1-score": 0.33895510410149177,
        "support": 45000.0
    },
    "weighted avg": {
        "precision": 0.6341216953992156,
        "recall": 0.5018888888888889,
        "f1-score": 0.33895510410149177,
        "support": 45000.0
    }
}