{
    "0": {
        "precision": 0.5502464540790665,
        "recall": 0.4862222222222222,
        "f1-score": 0.516256901514794,
        "support": 22500.0
    },
    "1": {
        "precision": 0.5397722748626483,
        "recall": 0.6025777777777778,
        "f1-score": 0.5694485278676131,
        "support": 22500.0
    },
    "accuracy": 0.5444,
    "macro avg": {
        "precision": 0.5450093644708573,
        "recall": 0.5444,
        "f1-score": 0.5428527146912036,
        "support": 45000.0
    },
    "weighted avg": {
        "precision": 0.5450093644708575,
        "recall": 0.5444,
        "f1-score": 0.5428527146912036,
        "support": 45000.0
    }
}