{
    "0": {
        "precision": 0.9067332278095702,
        "recall": 0.9929333333333333,
        "f1-score": 0.9478775536180233,
        "support": 22500.0
    },
    "1": {
        "precision": 0.9921909532930603,
        "recall": 0.8978666666666667,
        "f1-score": 0.9426751592356688,
        "support": 22500.0
    },
    "accuracy": 0.9454,
    "macro avg": {
        "precision": 0.9494620905513153,
        "recall": 0.9454,
        "f1-score": 0.945276356426846,
        "support": 45000.0
    },
    "weighted avg": {
        "precision": 0.9494620905513153,
        "recall": 0.9454,
        "f1-score": 0.945276356426846,
        "support": 45000.0
    }
}