{"train": {"0": {"precision": 0.9697216464317442, "recall": 0.9631617647058823, "f1-score": 0.9664305740002951, "support": 13600.0}, "1": {"precision": 0.9634092900964066, "recall": 0.9699264705882353, "f1-score": 0.9666568957936391, "support": 13600.0}, "accuracy": 0.9665441176470588, "macro avg": {"precision": 0.9665654682640754, "recall": 0.9665441176470588, "f1-score": 0.9665437348969671, "support": 27200.0}, "weighted avg": {"precision": 0.9665654682640755, "recall": 0.9665441176470588, "f1-score": 0.9665437348969671, "support": 27200.0}}, "val": {"0": {"precision": 0.97, "recall": 0.97, "f1-score": 0.97, "support": 2400.0}, "1": {"precision": 0.97, "recall": 0.97, "f1-score": 0.97, "support": 2400.0}, "accuracy": 0.97, "macro avg": {"precision": 0.97, "recall": 0.97, "f1-score": 0.97, "support": 4800.0}, "weighted avg": {"precision": 0.97, "recall": 0.97, "f1-score": 0.97, "support": 4800.0}}, "te": {"0": {"precision": 0.9735182849936949, "recall": 0.965, "f1-score": 0.9692404268675455, "support": 4000.0}, "1": {"precision": 0.9653035935563816, "recall": 0.97375, "f1-score": 0.9695084007467331, "support": 4000.0}, "accuracy": 0.969375, "macro avg": {"precision": 0.9694109392750383, "recall": 0.969375, "f1-score": 0.9693744138071393, "support": 8000.0}, "weighted avg": {"precision": 0.9694109392750382, "recall": 0.969375, "f1-score": 0.9693744138071393, "support": 8000.0}}}