{
    "0": {
        "precision": 0.6479419184150619,
        "recall": 0.9360888888888889,
        "f1-score": 0.7658073664691124,
        "support": 22500.0
    },
    "1": {
        "precision": 0.8849047542820554,
        "recall": 0.4913777777777778,
        "f1-score": 0.6318797508144254,
        "support": 22500.0
    },
    "accuracy": 0.7137333333333333,
    "macro avg": {
        "precision": 0.7664233363485586,
        "recall": 0.7137333333333333,
        "f1-score": 0.698843558641769,
        "support": 45000.0
    },
    "weighted avg": {
        "precision": 0.7664233363485586,
        "recall": 0.7137333333333333,
        "f1-score": 0.6988435586417688,
        "support": 45000.0
    }
}