{"0": {"precision": 0.7111570905618335, "recall": 0.9929333333333333, "f1-score": 0.8287489566910878, "support": 22500.0}, "1": {"precision": 0.9882959146117041, "recall": 0.5967111111111111, "f1-score": 0.7441319107662464, "support": 22500.0}, "accuracy": 0.7948222222222222, "macro avg": {"precision": 0.8497265025867689, "recall": 0.7948222222222222, "f1-score": 0.7864404337286671, "support": 45000.0}, "weighted avg": {"precision": 0.8497265025867687, "recall": 0.7948222222222222, "f1-score": 0.7864404337286671, "support": 45000.0}}