{"0": {"precision": 0.8454351858212544, "recall": 0.5469777777777778, "f1-score": 0.6642199854278544, "support": 22500.0}, "1": {"precision": 0.6651775449200145, "recall": 0.9, "f1-score": 0.7649736509075798, "support": 22500.0}, "accuracy": 0.7234888888888888, "macro avg": {"precision": 0.7553063653706344, "recall": 0.7234888888888888, "f1-score": 0.7145968181677171, "support": 45000.0}, "weighted avg": {"precision": 0.7553063653706344, "recall": 0.7234888888888888, "f1-score": 0.7145968181677171, "support": 45000.0}}