{"0": {"precision": 0.8635683928852511, "recall": 0.9753333333333334, "f1-score": 0.9160544331274002, "support": 22500.0}, "1": {"precision": 0.9716663263222381, "recall": 0.8459111111111111, "f1-score": 0.9044383197110816, "support": 22500.0}, "accuracy": 0.9106222222222222, "macro avg": {"precision": 0.9176173596037447, "recall": 0.9106222222222222, "f1-score": 0.9102463764192409, "support": 45000.0}, "weighted avg": {"precision": 0.9176173596037447, "recall": 0.9106222222222222, "f1-score": 0.9102463764192409, "support": 45000.0}}