{
    "0": {
        "precision": 0.5152810152810153,
        "recall": 0.99475,
        "f1-score": 0.6788943866234431,
        "support": 4000.0
    },
    "1": {
        "precision": 0.9244604316546763,
        "recall": 0.06425,
        "f1-score": 0.12014960261804582,
        "support": 4000.0
    },
    "accuracy": 0.5295,
    "macro avg": {
        "precision": 0.7198707234678459,
        "recall": 0.5295,
        "f1-score": 0.3995219946207445,
        "support": 8000.0
    },
    "weighted avg": {
        "precision": 0.7198707234678459,
        "recall": 0.5295,
        "f1-score": 0.39952199462074445,
        "support": 8000.0
    }
}