{"0": {"precision": 0.7575525812619502, "recall": 0.9905, "f1-score": 0.8585048754062838, "support": 4000.0}, "1": {"precision": 0.9862815884476535, "recall": 0.683, "f1-score": 0.8070901033973412, "support": 4000.0}, "accuracy": 0.83675, "macro avg": {"precision": 0.8719170848548019, "recall": 0.8367500000000001, "f1-score": 0.8327974894018125, "support": 8000.0}, "weighted avg": {"precision": 0.8719170848548018, "recall": 0.83675, "f1-score": 0.8327974894018125, "support": 8000.0}}