{
    "0": {
        "precision": 0.5498134586154484,
        "recall": 0.99475,
        "f1-score": 0.7081961377591884,
        "support": 4000.0
    },
    "1": {
        "precision": 0.9724770642201835,
        "recall": 0.1855,
        "f1-score": 0.31156833928196515,
        "support": 4000.0
    },
    "accuracy": 0.590125,
    "macro avg": {
        "precision": 0.761145261417816,
        "recall": 0.590125,
        "f1-score": 0.5098822385205768,
        "support": 8000.0
    },
    "weighted avg": {
        "precision": 0.761145261417816,
        "recall": 0.590125,
        "f1-score": 0.5098822385205768,
        "support": 8000.0
    }
}