{
    "0": {
        "precision": 0.5859012352154415,
        "recall": 0.9929333333333333,
        "f1-score": 0.7369497451798585,
        "support": 22500.0
    },
    "1": {
        "precision": 0.9768525258407337,
        "recall": 0.2982222222222222,
        "f1-score": 0.45694439715346113,
        "support": 22500.0
    },
    "accuracy": 0.6455777777777778,
    "macro avg": {
        "precision": 0.7813768805280876,
        "recall": 0.6455777777777778,
        "f1-score": 0.5969470711666598,
        "support": 45000.0
    },
    "weighted avg": {
        "precision": 0.7813768805280876,
        "recall": 0.6455777777777778,
        "f1-score": 0.5969470711666598,
        "support": 45000.0
    }
}