{
    "0": {
        "precision": 0.9485627836611196,
        "recall": 0.9753333333333334,
        "f1-score": 0.9617618056316424,
        "support": 22500.0
    },
    "1": {
        "precision": 0.9746169677566888,
        "recall": 0.9471111111111111,
        "f1-score": 0.9606671926067847,
        "support": 22500.0
    },
    "accuracy": 0.9612222222222222,
    "macro avg": {
        "precision": 0.9615898757089042,
        "recall": 0.9612222222222222,
        "f1-score": 0.9612144991192135,
        "support": 45000.0
    },
    "weighted avg": {
        "precision": 0.9615898757089043,
        "recall": 0.9612222222222222,
        "f1-score": 0.9612144991192135,
        "support": 45000.0
    }
}