{
    "0": {
        "precision": 0.5012496094970321,
        "recall": 0.9983555555555556,
        "f1-score": 0.6674094541997208,
        "support": 22500.0
    },
    "1": {
        "precision": 0.8010752688172043,
        "recall": 0.006622222222222222,
        "f1-score": 0.013135854712157278,
        "support": 22500.0
    },
    "accuracy": 0.5024888888888889,
    "macro avg": {
        "precision": 0.6511624391571182,
        "recall": 0.5024888888888889,
        "f1-score": 0.340272654455939,
        "support": 45000.0
    },
    "weighted avg": {
        "precision": 0.6511624391571182,
        "recall": 0.5024888888888889,
        "f1-score": 0.340272654455939,
        "support": 45000.0
    }
}