{"0": {"precision": 0.9951483787498989, "recall": 0.5469777777777778, "f1-score": 0.7059397137694668, "support": 22500.0}, "1": {"precision": 0.6876474734164802, "recall": 0.9973333333333333, "f1-score": 0.814031523769793, "support": 22500.0}, "accuracy": 0.7721555555555556, "macro avg": {"precision": 0.8413979260831896, "recall": 0.7721555555555555, "f1-score": 0.7599856187696299, "support": 45000.0}, "weighted avg": {"precision": 0.8413979260831896, "recall": 0.7721555555555556, "f1-score": 0.75998561876963, "support": 45000.0}}