{
    "0": {
        "precision": 0.6619385342789598,
        "recall": 0.84,
        "f1-score": 0.7404142794182459,
        "support": 4000.0
    },
    "1": {
        "precision": 0.7811217510259918,
        "recall": 0.571,
        "f1-score": 0.659734257654535,
        "support": 4000.0
    },
    "accuracy": 0.7055,
    "macro avg": {
        "precision": 0.7215301426524758,
        "recall": 0.7055,
        "f1-score": 0.7000742685363904,
        "support": 8000.0
    },
    "weighted avg": {
        "precision": 0.7215301426524757,
        "recall": 0.7055,
        "f1-score": 0.7000742685363905,
        "support": 8000.0
    }
}