{
    "0": {
        "precision": 0.4465043718027791,
        "recall": 0.5469777777777778,
        "f1-score": 0.49166050776022213,
        "support": 22500.0
    },
    "1": {
        "precision": 0.41543843551069565,
        "recall": 0.32195555555555555,
        "f1-score": 0.36277136489971706,
        "support": 22500.0
    },
    "accuracy": 0.43446666666666667,
    "macro avg": {
        "precision": 0.43097140365673736,
        "recall": 0.43446666666666667,
        "f1-score": 0.42721593632996957,
        "support": 45000.0
    },
    "weighted avg": {
        "precision": 0.43097140365673736,
        "recall": 0.43446666666666667,
        "f1-score": 0.4272159363299696,
        "support": 45000.0
    }
}