{
    "0": {
        "precision": 0.5805369127516778,
        "recall": 0.99475,
        "f1-score": 0.7331859222406486,
        "support": 4000.0
    },
    "1": {
        "precision": 0.981675392670157,
        "recall": 0.28125,
        "f1-score": 0.4372328021764477,
        "support": 4000.0
    },
    "accuracy": 0.638,
    "macro avg": {
        "precision": 0.7811061527109174,
        "recall": 0.638,
        "f1-score": 0.5852093622085481,
        "support": 8000.0
    },
    "weighted avg": {
        "precision": 0.7811061527109175,
        "recall": 0.638,
        "f1-score": 0.5852093622085481,
        "support": 8000.0
    }
}