{
    "0": {
        "precision": 0.5796533651600851,
        "recall": 0.9929333333333333,
        "f1-score": 0.731987811670653,
        "support": 22500.0
    },
    "1": {
        "precision": 0.9753793744193249,
        "recall": 0.27995555555555557,
        "f1-score": 0.43504385661993233,
        "support": 22500.0
    },
    "accuracy": 0.6364444444444445,
    "macro avg": {
        "precision": 0.777516369789705,
        "recall": 0.6364444444444445,
        "f1-score": 0.5835158341452926,
        "support": 45000.0
    },
    "weighted avg": {
        "precision": 0.7775163697897051,
        "recall": 0.6364444444444445,
        "f1-score": 0.5835158341452927,
        "support": 45000.0
    }
}