{"0": {"precision": 0.5383858267716536, "recall": 0.4862222222222222, "f1-score": 0.5109761793554414, "support": 22500.0}, "1": {"precision": 0.5316045380875203, "recall": 0.5831111111111111, "f1-score": 0.556167867740568, "support": 22500.0}, "accuracy": 0.5346666666666666, "macro avg": {"precision": 0.5349951824295869, "recall": 0.5346666666666666, "f1-score": 0.5335720235480047, "support": 45000.0}, "weighted avg": {"precision": 0.534995182429587, "recall": 0.5346666666666666, "f1-score": 0.5335720235480047, "support": 45000.0}}