{"0": {"precision": 0.7989514014922363, "recall": 0.9905, "f1-score": 0.8844737135841053, "support": 4000.0}, "1": {"precision": 0.9875041104899704, "recall": 0.75075, "f1-score": 0.8530038346825735, "support": 4000.0}, "accuracy": 0.870625, "macro avg": {"precision": 0.8932277559911034, "recall": 0.870625, "f1-score": 0.8687387741333394, "support": 8000.0}, "weighted avg": {"precision": 0.8932277559911033, "recall": 0.870625, "f1-score": 0.8687387741333393, "support": 8000.0}}