{"train": {"0": {"precision": 0.9352552723141376, "recall": 0.9408, "f1-score": 0.9380194423672684, "support": 70000.0}, "1": {"precision": 0.9404469354027448, "recall": 0.9348714285714286, "f1-score": 0.937650893720672, "support": 70000.0}, "accuracy": 0.9378357142857143, "macro avg": {"precision": 0.9378511038584412, "recall": 0.9378357142857143, "f1-score": 0.9378351680439703, "support": 140000.0}, "weighted avg": {"precision": 0.9378511038584412, "recall": 0.9378357142857143, "f1-score": 0.9378351680439702, "support": 140000.0}}, "val": {"0": {"precision": 0.9373253493013972, "recall": 0.9392, "f1-score": 0.9382617382617383, "support": 7500.0}, "1": {"precision": 0.9390781563126253, "recall": 0.9372, "f1-score": 0.9381381381381382, "support": 7500.0}, "accuracy": 0.9382, "macro avg": {"precision": 0.9382017528070112, "recall": 0.9382, "f1-score": 0.9381999381999382, "support": 15000.0}, "weighted avg": {"precision": 0.9382017528070112, "recall": 0.9382, "f1-score": 0.9381999381999383, "support": 15000.0}}, "te": {"0": {"precision": 0.9338547189819725, "recall": 0.9393333333333334, "f1-score": 0.9365860143578836, "support": 22500.0}, "1": {"precision": 0.938975321888412, "recall": 0.9334666666666667, "f1-score": 0.9362128911473656, "support": 22500.0}, "accuracy": 0.9364, "macro avg": {"precision": 0.9364150204351922, "recall": 0.9364, "f1-score": 0.9363994527526246, "support": 45000.0}, "weighted avg": {"precision": 0.9364150204351922, "recall": 0.9364, "f1-score": 0.9363994527526245, "support": 45000.0}}}