{
    "0": {
        "precision": 0.7595639797264458,
        "recall": 0.4862222222222222,
        "f1-score": 0.5929057258217489,
        "support": 22500.0
    },
    "1": {
        "precision": 0.6221851815537471,
        "recall": 0.8460888888888889,
        "f1-score": 0.717064994255796,
        "support": 22500.0
    },
    "accuracy": 0.6661555555555555,
    "macro avg": {
        "precision": 0.6908745806400964,
        "recall": 0.6661555555555556,
        "f1-score": 0.6549853600387725,
        "support": 45000.0
    },
    "weighted avg": {
        "precision": 0.6908745806400964,
        "recall": 0.6661555555555555,
        "f1-score": 0.6549853600387725,
        "support": 45000.0
    }
}