{
    "0": {
        "precision": 0.6367989056087552,
        "recall": 0.23275,
        "f1-score": 0.3409007689491029,
        "support": 4000.0
    },
    "1": {
        "precision": 0.5305903946160906,
        "recall": 0.86725,
        "f1-score": 0.6583791990890112,
        "support": 4000.0
    },
    "accuracy": 0.55,
    "macro avg": {
        "precision": 0.5836946501124229,
        "recall": 0.55,
        "f1-score": 0.49963998401905707,
        "support": 8000.0
    },
    "weighted avg": {
        "precision": 0.5836946501124229,
        "recall": 0.55,
        "f1-score": 0.499639984019057,
        "support": 8000.0
    }
}