{
    "train": {
        "0": {
            "precision": 0.935419906132755,
            "recall": 0.9367428571428571,
            "f1-score": 0.9360809142106653,
            "support": 70000.0
        },
        "1": {
            "precision": 0.9366532667629934,
            "recall": 0.9353285714285714,
            "f1-score": 0.9359904503899186,
            "support": 70000.0
        },
        "accuracy": 0.9360357142857143,
        "macro avg": {
            "precision": 0.9360365864478742,
            "recall": 0.9360357142857143,
            "f1-score": 0.936035682300292,
            "support": 140000.0
        },
        "weighted avg": {
            "precision": 0.9360365864478741,
            "recall": 0.9360357142857143,
            "f1-score": 0.936035682300292,
            "support": 140000.0
        }
    },
    "val": {
        "0": {
            "precision": 0.9367578385590394,
            "recall": 0.9361333333333334,
            "f1-score": 0.9364454818272757,
            "support": 7500.0
        },
        "1": {
            "precision": 0.9361758827448368,
            "recall": 0.9368,
            "f1-score": 0.9364878373875375,
            "support": 7500.0
        },
        "accuracy": 0.9364666666666667,
        "macro avg": {
            "precision": 0.9364668606519381,
            "recall": 0.9364666666666667,
            "f1-score": 0.9364666596074066,
            "support": 15000.0
        },
        "weighted avg": {
            "precision": 0.9364668606519382,
            "recall": 0.9364666666666667,
            "f1-score": 0.9364666596074066,
            "support": 15000.0
        }
    },
    "te": {
        "0": {
            "precision": 0.9378367546867347,
            "recall": 0.9360444444444445,
            "f1-score": 0.9369397424205351,
            "support": 22500.0
        },
        "1": {
            "precision": 0.9361664374750477,
            "recall": 0.9379555555555555,
            "f1-score": 0.9370601425304709,
            "support": 22500.0
        },
        "accuracy": 0.937,
        "macro avg": {
            "precision": 0.9370015960808912,
            "recall": 0.937,
            "f1-score": 0.936999942475503,
            "support": 45000.0
        },
        "weighted avg": {
            "precision": 0.9370015960808912,
            "recall": 0.937,
            "f1-score": 0.936999942475503,
            "support": 45000.0
        }
    }
}