{"0": {"precision": 0.969467996309801, "recall": 0.9808, "f1-score": 0.9751010759339858, "support": 22500.0}, "1": {"precision": 0.9805729190088591, "recall": 0.9691111111111111, "f1-score": 0.9748083242059146, "support": 22500.0}, "accuracy": 0.9749555555555556, "macro avg": {"precision": 0.97502045765933, "recall": 0.9749555555555556, "f1-score": 0.9749547000699501, "support": 45000.0}, "weighted avg": {"precision": 0.97502045765933, "recall": 0.9749555555555556, "f1-score": 0.9749547000699502, "support": 45000.0}}