{"0": {"precision": 0.9913421835457088, "recall": 0.9923555555555555, "f1-score": 0.9918486107100816, "support": 22500.0}, "1": {"precision": 0.9923477332384215, "recall": 0.9913333333333333, "f1-score": 0.9918402739177802, "support": 22500.0}, "accuracy": 0.9918444444444444, "macro avg": {"precision": 0.9918449583920652, "recall": 0.9918444444444444, "f1-score": 0.9918444423139309, "support": 45000.0}, "weighted avg": {"precision": 0.9918449583920652, "recall": 0.9918444444444444, "f1-score": 0.9918444423139309, "support": 45000.0}}