{
    "0": {
        "precision": 0.5114101042078881,
        "recall": 0.96925,
        "f1-score": 0.6695449443053277,
        "support": 4000.0
    },
    "1": {
        "precision": 0.7064439140811456,
        "recall": 0.074,
        "f1-score": 0.13396696085087123,
        "support": 4000.0
    },
    "accuracy": 0.521625,
    "macro avg": {
        "precision": 0.6089270091445169,
        "recall": 0.521625,
        "f1-score": 0.4017559525780995,
        "support": 8000.0
    },
    "weighted avg": {
        "precision": 0.6089270091445169,
        "recall": 0.521625,
        "f1-score": 0.4017559525780995,
        "support": 8000.0
    }
}