{"0": {"precision": 0.47180371861222925, "recall": 0.5469777777777778, "f1-score": 0.5066172687043327, "support": 22500.0}, "1": {"precision": 0.4611155167856199, "recall": 0.38764444444444446, "f1-score": 0.4212000482916818, "support": 22500.0}, "accuracy": 0.4673111111111111, "macro avg": {"precision": 0.4664596176989246, "recall": 0.4673111111111111, "f1-score": 0.4639086584980072, "support": 45000.0}, "weighted avg": {"precision": 0.4664596176989246, "recall": 0.4673111111111111, "f1-score": 0.4639086584980072, "support": 45000.0}}