{
    "train": {
        "0": {
            "precision": 0.9737176285938504,
            "recall": 0.9749,
            "f1-score": 0.9743084555805404,
            "support": 70000.0
        },
        "1": {
            "precision": 0.9748694843738825,
            "recall": 0.9736857142857143,
            "f1-score": 0.974277239752707,
            "support": 70000.0
        },
        "accuracy": 0.9742928571428572,
        "macro avg": {
            "precision": 0.9742935564838664,
            "recall": 0.9742928571428571,
            "f1-score": 0.9742928476666237,
            "support": 140000.0
        },
        "weighted avg": {
            "precision": 0.9742935564838666,
            "recall": 0.9742928571428572,
            "f1-score": 0.9742928476666237,
            "support": 140000.0
        }
    },
    "val": {
        "0": {
            "precision": 0.9746632884384585,
            "recall": 0.9745333333333334,
            "f1-score": 0.9745983065537702,
            "support": 7500.0
        },
        "1": {
            "precision": 0.9745367284362085,
            "recall": 0.9746666666666667,
            "f1-score": 0.974601693220452,
            "support": 7500.0
        },
        "accuracy": 0.9746,
        "macro avg": {
            "precision": 0.9746000084373335,
            "recall": 0.9746,
            "f1-score": 0.9745999998871111,
            "support": 15000.0
        },
        "weighted avg": {
            "precision": 0.9746000084373336,
            "recall": 0.9746,
            "f1-score": 0.9745999998871111,
            "support": 15000.0
        }
    },
    "te": {
        "0": {
            "precision": 0.9735161032738887,
            "recall": 0.9753333333333334,
            "f1-score": 0.9744238710536832,
            "support": 22500.0
        },
        "1": {
            "precision": 0.9752872027785199,
            "recall": 0.9734666666666667,
            "f1-score": 0.974376084345389,
            "support": 22500.0
        },
        "accuracy": 0.9744,
        "macro avg": {
            "precision": 0.9744016530262043,
            "recall": 0.9744,
            "f1-score": 0.9743999776995361,
            "support": 45000.0
        },
        "weighted avg": {
            "precision": 0.9744016530262043,
            "recall": 0.9744,
            "f1-score": 0.9743999776995361,
            "support": 45000.0
        }
    }
}