{"0": {"precision": 0.7400562192550949, "recall": 0.9360888888888889, "f1-score": 0.8266091051805338, "support": 22500.0}, "1": {"precision": 0.9130592503022975, "recall": 0.6712, "f1-score": 0.7736680327868852, "support": 22500.0}, "accuracy": 0.8036444444444445, "macro avg": {"precision": 0.8265577347786962, "recall": 0.8036444444444444, "f1-score": 0.8001385689837095, "support": 45000.0}, "weighted avg": {"precision": 0.8265577347786961, "recall": 0.8036444444444445, "f1-score": 0.8001385689837095, "support": 45000.0}}