{
    "0": {
        "precision": 0.6628526336555534,
        "recall": 0.84,
        "f1-score": 0.740985775719484,
        "support": 4000.0
    },
    "1": {
        "precision": 0.7816444899351757,
        "recall": 0.57275,
        "f1-score": 0.6610878661087866,
        "support": 4000.0
    },
    "accuracy": 0.706375,
    "macro avg": {
        "precision": 0.7222485617953645,
        "recall": 0.706375,
        "f1-score": 0.7010368209141353,
        "support": 8000.0
    },
    "weighted avg": {
        "precision": 0.7222485617953646,
        "recall": 0.706375,
        "f1-score": 0.7010368209141352,
        "support": 8000.0
    }
}