{"0": {"precision": 0.4307062364387205, "recall": 0.5469777777777778, "f1-score": 0.48192818263695814, "support": 22500.0}, "1": {"precision": 0.3794593936442226, "recall": 0.2770222222222222, "f1-score": 0.32024867697682785, "support": 22500.0}, "accuracy": 0.412, "macro avg": {"precision": 0.4050828150414716, "recall": 0.41200000000000003, "f1-score": 0.40108842980689297, "support": 45000.0}, "weighted avg": {"precision": 0.40508281504147164, "recall": 0.412, "f1-score": 0.401088429806893, "support": 45000.0}}