{
    "0": {
        "precision": 0.5077761200777612,
        "recall": 0.9983555555555556,
        "f1-score": 0.6731697084119992,
        "support": 22500.0
    },
    "1": {
        "precision": 0.9514435695538058,
        "recall": 0.03222222222222222,
        "f1-score": 0.06233341931046342,
        "support": 22500.0
    },
    "accuracy": 0.5152888888888889,
    "macro avg": {
        "precision": 0.7296098448157835,
        "recall": 0.5152888888888889,
        "f1-score": 0.3677515638612313,
        "support": 45000.0
    },
    "weighted avg": {
        "precision": 0.7296098448157834,
        "recall": 0.5152888888888889,
        "f1-score": 0.36775156386123137,
        "support": 45000.0
    }
}