{
    "0": {
        "precision": 0.513238019592269,
        "recall": 0.96925,
        "f1-score": 0.6711095724424442,
        "support": 4000.0
    },
    "1": {
        "precision": 0.7242152466367713,
        "recall": 0.08075,
        "f1-score": 0.1452991452991453,
        "support": 4000.0
    },
    "accuracy": 0.525,
    "macro avg": {
        "precision": 0.6187266331145201,
        "recall": 0.525,
        "f1-score": 0.40820435887079476,
        "support": 8000.0
    },
    "weighted avg": {
        "precision": 0.6187266331145201,
        "recall": 0.525,
        "f1-score": 0.40820435887079476,
        "support": 8000.0
    }
}