{
    "0": {
        "precision": 0.70374420998456,
        "recall": 0.48617777777777776,
        "f1-score": 0.5750709704552623,
        "support": 22500.0
    },
    "1": {
        "precision": 0.6075162954915807,
        "recall": 0.7953333333333333,
        "f1-score": 0.6888521056278389,
        "support": 22500.0
    },
    "accuracy": 0.6407555555555555,
    "macro avg": {
        "precision": 0.6556302527380704,
        "recall": 0.6407555555555555,
        "f1-score": 0.6319615380415506,
        "support": 45000.0
    },
    "weighted avg": {
        "precision": 0.6556302527380704,
        "recall": 0.6407555555555555,
        "f1-score": 0.6319615380415508,
        "support": 45000.0
    }
}