{
    "0": {
        "precision": 0.7055237329581616,
        "recall": 0.9360888888888889,
        "f1-score": 0.8046148262754761,
        "support": 22500.0
    },
    "1": {
        "precision": 0.9050637089852777,
        "recall": 0.6092888888888889,
        "f1-score": 0.7282917629558796,
        "support": 22500.0
    },
    "accuracy": 0.7726888888888889,
    "macro avg": {
        "precision": 0.8052937209717197,
        "recall": 0.7726888888888889,
        "f1-score": 0.7664532946156779,
        "support": 45000.0
    },
    "weighted avg": {
        "precision": 0.8052937209717197,
        "recall": 0.7726888888888889,
        "f1-score": 0.7664532946156778,
        "support": 45000.0
    }
}