{
    "0": {
        "precision": 0.5220633934120572,
        "recall": 0.84,
        "f1-score": 0.6439248754311997,
        "support": 4000.0
    },
    "1": {
        "precision": 0.5907928388746803,
        "recall": 0.231,
        "f1-score": 0.3321351545650611,
        "support": 4000.0
    },
    "accuracy": 0.5355,
    "macro avg": {
        "precision": 0.5564281161433687,
        "recall": 0.5355,
        "f1-score": 0.48803001499813037,
        "support": 8000.0
    },
    "weighted avg": {
        "precision": 0.5564281161433687,
        "recall": 0.5355,
        "f1-score": 0.48803001499813037,
        "support": 8000.0
    }
}