{
    "0": {
        "precision": 0.5118605446052182,
        "recall": 0.9983555555555556,
        "f1-score": 0.67674926564736,
        "support": 22500.0
    },
    "1": {
        "precision": 0.9668161434977578,
        "recall": 0.04791111111111111,
        "f1-score": 0.09129790387465594,
        "support": 22500.0
    },
    "accuracy": 0.5231333333333333,
    "macro avg": {
        "precision": 0.739338344051488,
        "recall": 0.5231333333333333,
        "f1-score": 0.384023584761008,
        "support": 45000.0
    },
    "weighted avg": {
        "precision": 0.7393383440514879,
        "recall": 0.5231333333333333,
        "f1-score": 0.38402358476100795,
        "support": 45000.0
    }
}