{"0": {"precision": 0.5730224684518314, "recall": 0.9929333333333333, "f1-score": 0.7266783762685401, "support": 22500.0}, "1": {"precision": 0.9735528942115769, "recall": 0.2601333333333333, "f1-score": 0.4105639730639731, "support": 22500.0}, "accuracy": 0.6265333333333334, "macro avg": {"precision": 0.7732876813317041, "recall": 0.6265333333333334, "f1-score": 0.5686211746662566, "support": 45000.0}, "weighted avg": {"precision": 0.7732876813317041, "recall": 0.6265333333333334, "f1-score": 0.5686211746662566, "support": 45000.0}}