{
    "0": {
        "precision": 0.5040841972981464,
        "recall": 0.9983555555555556,
        "f1-score": 0.6699173898780233,
        "support": 22500.0
    },
    "1": {
        "precision": 0.9155251141552512,
        "recall": 0.017822222222222222,
        "f1-score": 0.03496381550265934,
        "support": 22500.0
    },
    "accuracy": 0.5080888888888889,
    "macro avg": {
        "precision": 0.7098046557266988,
        "recall": 0.5080888888888889,
        "f1-score": 0.35244060269034133,
        "support": 45000.0
    },
    "weighted avg": {
        "precision": 0.7098046557266987,
        "recall": 0.5080888888888889,
        "f1-score": 0.3524406026903413,
        "support": 45000.0
    }
}