{
    "0": {
        "precision": 0.5274831243972999,
        "recall": 0.4862222222222222,
        "f1-score": 0.5060129509713228,
        "support": 22500.0
    },
    "1": {
        "precision": 0.5234954657873042,
        "recall": 0.5644444444444444,
        "f1-score": 0.5431993156544055,
        "support": 22500.0
    },
    "accuracy": 0.5253333333333333,
    "macro avg": {
        "precision": 0.525489295092302,
        "recall": 0.5253333333333333,
        "f1-score": 0.5246061333128642,
        "support": 45000.0
    },
    "weighted avg": {
        "precision": 0.525489295092302,
        "recall": 0.5253333333333333,
        "f1-score": 0.5246061333128642,
        "support": 45000.0
    }
}