{"0": {"precision": 0.9208779298198077, "recall": 0.9062666666666667, "f1-score": 0.9135138767555944, "support": 22500.0}, "1": {"precision": 0.9077306733167082, "recall": 0.9221333333333334, "f1-score": 0.9148753224419605, "support": 22500.0}, "accuracy": 0.9142, "macro avg": {"precision": 0.9143043015682579, "recall": 0.9142, "f1-score": 0.9141945995987775, "support": 45000.0}, "weighted avg": {"precision": 0.9143043015682578, "recall": 0.9142, "f1-score": 0.9141945995987775, "support": 45000.0}}