{"0": {"precision": 0.7674653579676675, "recall": 0.9452444444444444, "f1-score": 0.8471281765315064, "support": 22500.0}, "1": {"precision": 0.928736695974086, "recall": 0.7136, "f1-score": 0.8070775108072786, "support": 22500.0}, "accuracy": 0.8294222222222222, "macro avg": {"precision": 0.8481010269708767, "recall": 0.8294222222222223, "f1-score": 0.8271028436693926, "support": 45000.0}, "weighted avg": {"precision": 0.8481010269708766, "recall": 0.8294222222222222, "f1-score": 0.8271028436693926, "support": 45000.0}}