{"0": {"precision": 0.9299951385512882, "recall": 0.9352444444444444, "f1-score": 0.9326124049903606, "support": 22500.0}, "1": {"precision": 0.9348768605014973, "recall": 0.9296, "f1-score": 0.9322309629398525, "support": 22500.0}, "accuracy": 0.9324222222222223, "macro avg": {"precision": 0.9324359995263928, "recall": 0.9324222222222223, "f1-score": 0.9324216839651065, "support": 45000.0}, "weighted avg": {"precision": 0.9324359995263928, "recall": 0.9324222222222223, "f1-score": 0.9324216839651066, "support": 45000.0}}