{"train": {"0": {"precision": 0.9345869768231598, "recall": 0.9435857142857142, "f1-score": 0.9390647880916161, "support": 70000.0}, "1": {"precision": 0.9430372443239189, "recall": 0.9339571428571428, "f1-score": 0.9384752307537717, "support": 70000.0}, "accuracy": 0.9387714285714286, "macro avg": {"precision": 0.9388121105735394, "recall": 0.9387714285714286, "f1-score": 0.9387700094226938, "support": 140000.0}, "weighted avg": {"precision": 0.9388121105735394, "recall": 0.9387714285714286, "f1-score": 0.938770009422694, "support": 140000.0}}, "val": {"0": {"precision": 0.9316352118252607, "recall": 0.9412, "f1-score": 0.9363931816674405, "support": 7500.0}, "1": {"precision": 0.9405900579280614, "recall": 0.9309333333333333, "f1-score": 0.9357367821483615, "support": 7500.0}, "accuracy": 0.9360666666666667, "macro avg": {"precision": 0.9361126348766611, "recall": 0.9360666666666666, "f1-score": 0.936064981907901, "support": 15000.0}, "weighted avg": {"precision": 0.936112634876661, "recall": 0.9360666666666667, "f1-score": 0.936064981907901, "support": 15000.0}}, "te": {"0": {"precision": 0.9347251585623678, "recall": 0.9432, "f1-score": 0.9389434563312982, "support": 22500.0}, "1": {"precision": 0.9426803013993541, "recall": 0.9341333333333334, "f1-score": 0.9383873560139299, "support": 22500.0}, "accuracy": 0.9386666666666666, "macro avg": {"precision": 0.938702729980861, "recall": 0.9386666666666668, "f1-score": 0.9386654061726141, "support": 45000.0}, "weighted avg": {"precision": 0.938702729980861, "recall": 0.9386666666666666, "f1-score": 0.938665406172614, "support": 45000.0}}}