{
    "0": {
        "precision": 0.5961048689138577,
        "recall": 0.99475,
        "f1-score": 0.745480093676815,
        "support": 4000.0
    },
    "1": {
        "precision": 0.9841509433962264,
        "recall": 0.326,
        "f1-score": 0.48976525821596245,
        "support": 4000.0
    },
    "accuracy": 0.660375,
    "macro avg": {
        "precision": 0.7901279061550421,
        "recall": 0.660375,
        "f1-score": 0.6176226759463888,
        "support": 8000.0
    },
    "weighted avg": {
        "precision": 0.790127906155042,
        "recall": 0.660375,
        "f1-score": 0.6176226759463888,
        "support": 8000.0
    }
}