{
    "0": {
        "precision": 0.4774358974358974,
        "recall": 0.23275,
        "f1-score": 0.3129411764705882,
        "support": 4000.0
    },
    "1": {
        "precision": 0.49272727272727274,
        "recall": 0.74525,
        "f1-score": 0.5932338308457712,
        "support": 4000.0
    },
    "accuracy": 0.489,
    "macro avg": {
        "precision": 0.48508158508158505,
        "recall": 0.489,
        "f1-score": 0.45308750365817974,
        "support": 8000.0
    },
    "weighted avg": {
        "precision": 0.4850815850815851,
        "recall": 0.489,
        "f1-score": 0.4530875036581797,
        "support": 8000.0
    }
}