{
    "0": {
        "precision": 0.8138111888111889,
        "recall": 0.23275,
        "f1-score": 0.3619751166407465,
        "support": 4000.0
    },
    "1": {
        "precision": 0.552362893815636,
        "recall": 0.94675,
        "f1-score": 0.6976787030213707,
        "support": 4000.0
    },
    "accuracy": 0.58975,
    "macro avg": {
        "precision": 0.6830870413134125,
        "recall": 0.58975,
        "f1-score": 0.5298269098310586,
        "support": 8000.0
    },
    "weighted avg": {
        "precision": 0.6830870413134125,
        "recall": 0.58975,
        "f1-score": 0.5298269098310586,
        "support": 8000.0
    }
}