{
    "0": {
        "precision": 0.6829633740288569,
        "recall": 0.5469777777777778,
        "f1-score": 0.6074531095755182,
        "support": 22500.0
    },
    "1": {
        "precision": 0.6222016308376576,
        "recall": 0.7460888888888889,
        "f1-score": 0.6785367825383993,
        "support": 22500.0
    },
    "accuracy": 0.6465333333333333,
    "macro avg": {
        "precision": 0.6525825024332572,
        "recall": 0.6465333333333334,
        "f1-score": 0.6429949460569588,
        "support": 45000.0
    },
    "weighted avg": {
        "precision": 0.6525825024332571,
        "recall": 0.6465333333333333,
        "f1-score": 0.6429949460569588,
        "support": 45000.0
    }
}