{
    "0": {
        "precision": 0.49155227032734955,
        "recall": 0.23275,
        "f1-score": 0.3159144893111639,
        "support": 4000.0
    },
    "1": {
        "precision": 0.49737962659679,
        "recall": 0.75925,
        "f1-score": 0.6010290916287354,
        "support": 4000.0
    },
    "accuracy": 0.496,
    "macro avg": {
        "precision": 0.4944659484620698,
        "recall": 0.496,
        "f1-score": 0.4584717904699497,
        "support": 8000.0
    },
    "weighted avg": {
        "precision": 0.4944659484620698,
        "recall": 0.496,
        "f1-score": 0.4584717904699496,
        "support": 8000.0
    }
}