{
    "0": {
        "precision": 0.5034176732928441,
        "recall": 0.9983555555555556,
        "f1-score": 0.6693285260946649,
        "support": 22500.0
    },
    "1": {
        "precision": 0.9023746701846965,
        "recall": 0.0152,
        "f1-score": 0.029896411556449145,
        "support": 22500.0
    },
    "accuracy": 0.5067777777777778,
    "macro avg": {
        "precision": 0.7028961717387703,
        "recall": 0.5067777777777778,
        "f1-score": 0.349612468825557,
        "support": 45000.0
    },
    "weighted avg": {
        "precision": 0.7028961717387704,
        "recall": 0.5067777777777778,
        "f1-score": 0.34961246882555697,
        "support": 45000.0
    }
}