{
    "0": {
        "precision": 0.4753205623358566,
        "recall": 0.5469777777777778,
        "f1-score": 0.5086377913704745,
        "support": 22500.0
    },
    "1": {
        "precision": 0.4665585095248064,
        "recall": 0.3962222222222222,
        "f1-score": 0.4285233608921361,
        "support": 22500.0
    },
    "accuracy": 0.4716,
    "macro avg": {
        "precision": 0.4709395359303315,
        "recall": 0.4716,
        "f1-score": 0.4685805761313053,
        "support": 45000.0
    },
    "weighted avg": {
        "precision": 0.47093953593033155,
        "recall": 0.4716,
        "f1-score": 0.46858057613130527,
        "support": 45000.0
    }
}