{"train": {"0": {"precision": 0.9536090114124797, "recall": 0.9461764705882353, "f1-score": 0.9498782018159002, "support": 13600.0}, "1": {"precision": 0.946592733109587, "recall": 0.9539705882352941, "f1-score": 0.950267340511243, "support": 13600.0}, "accuracy": 0.9500735294117647, "macro avg": {"precision": 0.9501008722610333, "recall": 0.9500735294117647, "f1-score": 0.9500727711635716, "support": 27200.0}, "weighted avg": {"precision": 0.9501008722610333, "recall": 0.9500735294117647, "f1-score": 0.9500727711635717, "support": 27200.0}}, "val": {"0": {"precision": 0.9536727879799666, "recall": 0.9520833333333333, "f1-score": 0.9528773978315263, "support": 2400.0}, "1": {"precision": 0.9521630615640599, "recall": 0.95375, "f1-score": 0.9529558701082431, "support": 2400.0}, "accuracy": 0.9529166666666666, "macro avg": {"precision": 0.9529179247720132, "recall": 0.9529166666666666, "f1-score": 0.9529166339698847, "support": 4800.0}, "weighted avg": {"precision": 0.9529179247720132, "recall": 0.9529166666666666, "f1-score": 0.9529166339698846, "support": 4800.0}}, "te": {"0": {"precision": 0.9529914529914529, "recall": 0.94775, "f1-score": 0.9503634996239659, "support": 4000.0}, "1": {"precision": 0.9480358030830432, "recall": 0.95325, "f1-score": 0.9506357516828721, "support": 4000.0}, "accuracy": 0.9505, "macro avg": {"precision": 0.9505136280372481, "recall": 0.9505, "f1-score": 0.9504996256534191, "support": 8000.0}, "weighted avg": {"precision": 0.950513628037248, "recall": 0.9505, "f1-score": 0.9504996256534191, "support": 8000.0}}}