{"0": {"precision": 0.995269286754003, "recall": 0.4862222222222222, "f1-score": 0.6532903379911621, "support": 22500.0}, "1": {"precision": 0.6600799811808986, "recall": 0.9976888888888888, "f1-score": 0.7945069724640759, "support": 22500.0}, "accuracy": 0.7419555555555556, "macro avg": {"precision": 0.8276746339674508, "recall": 0.7419555555555555, "f1-score": 0.723898655227619, "support": 45000.0}, "weighted avg": {"precision": 0.8276746339674509, "recall": 0.7419555555555556, "f1-score": 0.723898655227619, "support": 45000.0}}