{
    "0": {
        "precision": 0.7233353170667196,
        "recall": 0.48617777777777776,
        "f1-score": 0.5815059936740823,
        "support": 22500.0
    },
    "1": {
        "precision": 0.6130468253171336,
        "recall": 0.8140444444444445,
        "f1-score": 0.6993909540447143,
        "support": 22500.0
    },
    "accuracy": 0.6501111111111111,
    "macro avg": {
        "precision": 0.6681910711919266,
        "recall": 0.6501111111111111,
        "f1-score": 0.6404484738593983,
        "support": 45000.0
    },
    "weighted avg": {
        "precision": 0.6681910711919267,
        "recall": 0.6501111111111111,
        "f1-score": 0.6404484738593983,
        "support": 45000.0
    }
}