{
    "0": {
        "precision": 0.8217122683142101,
        "recall": 0.23275,
        "f1-score": 0.36275082797584257,
        "support": 4000.0
    },
    "1": {
        "precision": 0.5530799475753604,
        "recall": 0.9495,
        "f1-score": 0.6989969632833348,
        "support": 4000.0
    },
    "accuracy": 0.591125,
    "macro avg": {
        "precision": 0.6873961079447852,
        "recall": 0.591125,
        "f1-score": 0.5308738956295886,
        "support": 8000.0
    },
    "weighted avg": {
        "precision": 0.6873961079447851,
        "recall": 0.591125,
        "f1-score": 0.5308738956295886,
        "support": 8000.0
    }
}