{
    "0": {
        "precision": 0.5023973046520669,
        "recall": 0.96925,
        "f1-score": 0.6617734915080652,
        "support": 4000.0
    },
    "1": {
        "precision": 0.5653710247349824,
        "recall": 0.04,
        "f1-score": 0.0747139855241653,
        "support": 4000.0
    },
    "accuracy": 0.504625,
    "macro avg": {
        "precision": 0.5338841646935246,
        "recall": 0.504625,
        "f1-score": 0.36824373851611525,
        "support": 8000.0
    },
    "weighted avg": {
        "precision": 0.5338841646935246,
        "recall": 0.504625,
        "f1-score": 0.36824373851611525,
        "support": 8000.0
    }
}