{
    "0": {
        "precision": 0.6240713224368499,
        "recall": 0.84,
        "f1-score": 0.7161125319693095,
        "support": 4000.0
    },
    "1": {
        "precision": 0.7553516819571865,
        "recall": 0.494,
        "f1-score": 0.5973397823458283,
        "support": 4000.0
    },
    "accuracy": 0.667,
    "macro avg": {
        "precision": 0.6897115021970182,
        "recall": 0.667,
        "f1-score": 0.6567261571575689,
        "support": 8000.0
    },
    "weighted avg": {
        "precision": 0.6897115021970183,
        "recall": 0.667,
        "f1-score": 0.6567261571575689,
        "support": 8000.0
    }
}