{"0": {"precision": 0.9225028441410694, "recall": 0.9009777777777778, "f1-score": 0.9116132658797077, "support": 22500.0}, "1": {"precision": 0.9032356134636265, "recall": 0.9243111111111111, "f1-score": 0.9136518396485448, "support": 22500.0}, "accuracy": 0.9126444444444445, "macro avg": {"precision": 0.9128692288023479, "recall": 0.9126444444444444, "f1-score": 0.9126325527641262, "support": 45000.0}, "weighted avg": {"precision": 0.912869228802348, "recall": 0.9126444444444445, "f1-score": 0.9126325527641262, "support": 45000.0}}