{"0": {"precision": 0.9747914565954716, "recall": 0.9452444444444444, "f1-score": 0.9597906042691458, "support": 22500.0}, "1": {"precision": 0.9468553187818135, "recall": 0.9755555555555555, "f1-score": 0.9609912000350247, "support": 22500.0}, "accuracy": 0.9604, "macro avg": {"precision": 0.9608233876886425, "recall": 0.9603999999999999, "f1-score": 0.9603909021520852, "support": 45000.0}, "weighted avg": {"precision": 0.9608233876886425, "recall": 0.9604, "f1-score": 0.9603909021520851, "support": 45000.0}}