{"0": {"precision": 0.9755945210368983, "recall": 0.9718222222222223, "f1-score": 0.9737047180103756, "support": 22500.0}, "1": {"precision": 0.9719307566299199, "recall": 0.9756888888888889, "f1-score": 0.9738061969081997, "support": 22500.0}, "accuracy": 0.9737555555555556, "macro avg": {"precision": 0.9737626388334091, "recall": 0.9737555555555556, "f1-score": 0.9737554574592877, "support": 45000.0}, "weighted avg": {"precision": 0.9737626388334091, "recall": 0.9737555555555556, "f1-score": 0.9737554574592876, "support": 45000.0}}