{
    "0": {
        "precision": 0.7591324200913242,
        "recall": 0.9753333333333334,
        "f1-score": 0.8537581699346405,
        "support": 22500.0
    },
    "1": {
        "precision": 0.9655108128262491,
        "recall": 0.6905333333333333,
        "f1-score": 0.8051927860696517,
        "support": 22500.0
    },
    "accuracy": 0.8329333333333333,
    "macro avg": {
        "precision": 0.8623216164587866,
        "recall": 0.8329333333333333,
        "f1-score": 0.829475478002146,
        "support": 45000.0
    },
    "weighted avg": {
        "precision": 0.8623216164587868,
        "recall": 0.8329333333333333,
        "f1-score": 0.829475478002146,
        "support": 45000.0
    }
}