{
    "0": {
        "precision": 0.45216124332200097,
        "recall": 0.23275,
        "f1-score": 0.3073114375309457,
        "support": 4000.0
    },
    "1": {
        "precision": 0.48342029961285976,
        "recall": 0.718,
        "f1-score": 0.5778090735338497,
        "support": 4000.0
    },
    "accuracy": 0.475375,
    "macro avg": {
        "precision": 0.46779077146743037,
        "recall": 0.475375,
        "f1-score": 0.4425602555323977,
        "support": 8000.0
    },
    "weighted avg": {
        "precision": 0.46779077146743037,
        "recall": 0.475375,
        "f1-score": 0.44256025553239764,
        "support": 8000.0
    }
}