{
    "0": {
        "precision": 0.9018957345971564,
        "recall": 0.9515,
        "f1-score": 0.9260340632603407,
        "support": 4000.0
    },
    "1": {
        "precision": 0.9486772486772487,
        "recall": 0.8965,
        "f1-score": 0.9218508997429306,
        "support": 4000.0
    },
    "accuracy": 0.924,
    "macro avg": {
        "precision": 0.9252864916372026,
        "recall": 0.9239999999999999,
        "f1-score": 0.9239424815016356,
        "support": 8000.0
    },
    "weighted avg": {
        "precision": 0.9252864916372026,
        "recall": 0.924,
        "f1-score": 0.9239424815016356,
        "support": 8000.0
    }
}