{
    "0": {
        "precision": 0.5132868937048504,
        "recall": 0.99475,
        "f1-score": 0.6771613342409802,
        "support": 4000.0
    },
    "1": {
        "precision": 0.9153225806451613,
        "recall": 0.05675,
        "f1-score": 0.1068738229755179,
        "support": 4000.0
    },
    "accuracy": 0.52575,
    "macro avg": {
        "precision": 0.7143047371750058,
        "recall": 0.52575,
        "f1-score": 0.39201757860824904,
        "support": 8000.0
    },
    "weighted avg": {
        "precision": 0.7143047371750059,
        "recall": 0.52575,
        "f1-score": 0.3920175786082491,
        "support": 8000.0
    }
}