{
    "0": {
        "precision": 0.5036373083917901,
        "recall": 0.96925,
        "f1-score": 0.662848350145324,
        "support": 4000.0
    },
    "1": {
        "precision": 0.5927152317880795,
        "recall": 0.04475,
        "f1-score": 0.08321710832171084,
        "support": 4000.0
    },
    "accuracy": 0.507,
    "macro avg": {
        "precision": 0.5481762700899349,
        "recall": 0.507,
        "f1-score": 0.3730327292335174,
        "support": 8000.0
    },
    "weighted avg": {
        "precision": 0.5481762700899347,
        "recall": 0.507,
        "f1-score": 0.3730327292335174,
        "support": 8000.0
    }
}